{
  "year": 2025,
  "league_avg_xwoba": 0.31529591836734694,
  "timestamp": "2025-06-29T15:07:52.469168"
}