{
  "year": 2025,
  "league_avg_xwoba": 0.3156076923076923,
  "timestamp": "2025-09-05T15:08:30.982696"
}