{
  "year": 2026,
  "league_avg_xwoba": 0.30621515892420537,
  "timestamp": "2026-05-30T23:29:57.934714"
}