{
  "year": 2026,
  "league_avg_xwoba": 0.3090603015075377,
  "timestamp": "2026-05-18T23:30:44.551017"
}