{
  "year": 2025,
  "league_avg_xwoba": 0.31538481012658226,
  "timestamp": "2025-06-24T15:09:29.278282"
}