{
  "year": 2026,
  "league_avg_xwoba": 0.30547290640394087,
  "timestamp": "2026-07-03T10:42:06.676447"
}