{
  "year": 2025,
  "league_avg_xwoba": 0.3126583541147132,
  "timestamp": "2025-07-30T12:14:50.275539"
}