{
  "year": 2025,
  "league_avg_xwoba": 0.3116240601503759,
  "timestamp": "2025-07-20T08:10:29.908254"
}