{
  "year": 2025,
  "league_avg_xwoba": 0.3126625,
  "timestamp": "2025-09-27T22:38:48.103153"
}