{
  "year": 2026,
  "league_avg_xwoba": 0.31109390862944164,
  "timestamp": "2026-05-12T12:52:12.399503"
}