{
  "year": 2025,
  "league_avg_xwoba": 0.31267002518891684,
  "timestamp": "2025-07-31T15:10:21.483266"
}