{
  "year": 2025,
  "league_avg_xwoba": 0.3355653786596564,
  "timestamp": "2025-06-08T23:08:00.238906"
}