{
  "year": 2025,
  "league_avg_xwoba": 0.3157219387755102,
  "timestamp": "2025-09-21T15:07:17.119044"
}