{
  "year": 2025,
  "league_avg_xwoba": 0.3150434782608696,
  "timestamp": "2025-09-08T23:07:34.665311"
}