{
  "year": 2025,
  "league_avg_xwoba": 0.31435294117647056,
  "timestamp": "2025-09-11T23:19:02.567163"
}