{
  "year": 2025,
  "league_avg_xwoba": 0.3160765306122449,
  "timestamp": "2025-09-03T08:09:23.015593"
}