{
  "year": 2025,
  "league_avg_xwoba": 0.3131653746770026,
  "timestamp": "2025-08-09T15:08:53.680057"
}