{
  "year": 2025,
  "league_avg_xwoba": 0.33606846676354296,
  "timestamp": "2025-06-14T10:26:29.788614"
}