{
  "year": 2025,
  "league_avg_xwoba": 0.31538481012658226,
  "timestamp": "2025-06-24T23:08:34.815045"
}