{
  "year": 2026,
  "league_avg_xwoba": 0.3084275184275184,
  "timestamp": "2026-04-24T23:22:07.708203"
}