{
  "year": 2025,
  "league_avg_xwoba": 0.3134492385786802,
  "timestamp": "2025-08-19T08:09:22.526707"
}