{
  "year": 2026,
  "league_avg_xwoba": 0.3121243654822335,
  "timestamp": "2026-05-09T08:40:58.365943"
}