{
  "year": 2026,
  "league_avg_xwoba": 0.30488235294117644,
  "timestamp": "2026-06-27T12:38:17.466027"
}