{
  "year": 2025,
  "league_avg_xwoba": 0.3150358056265985,
  "timestamp": "2025-09-10T12:39:24.428913"
}