{
  "year": 2025,
  "league_avg_xwoba": 0.3323296733714708,
  "timestamp": "2025-04-24T08:10:22.760444"
}