{
  "year": 2025,
  "league_avg_xwoba": 0.3135088607594937,
  "timestamp": "2025-08-22T15:07:50.715627"
}