{
  "year": 2025,
  "league_avg_xwoba": 0.3110151898734177,
  "timestamp": "2025-07-25T08:11:32.777459"
}