{
  "year": 2025,
  "league_avg_xwoba": 0.3147442455242967,
  "timestamp": "2025-06-28T15:07:56.509180"
}