{
  "year": 2025,
  "league_avg_xwoba": 0.33588494096996124,
  "timestamp": "2025-05-11T12:11:16.195901"
}