{
  "year": 2025,
  "league_avg_xwoba": 0.31691989664082687,
  "timestamp": "2025-08-31T15:06:30.236661"
}