{
  "year": 2025,
  "league_avg_xwoba": 0.3160794871794872,
  "timestamp": "2025-09-04T23:07:07.840294"
}