{
  "year": 2026,
  "league_avg_xwoba": 0.3074581280788177,
  "timestamp": "2026-05-25T23:31:06.524523"
}