{
  "year": 2025,
  "league_avg_xwoba": 0.33374611398963727,
  "timestamp": "2025-04-16T09:43:36.534620"
}