{
  "year": 2025,
  "league_avg_xwoba": 0.33468384854846883,
  "timestamp": "2025-05-02T12:12:29.850392"
}