{
  "year": 2025,
  "league_avg_xwoba": 0.312015,
  "timestamp": "2025-09-29T16:07:07.863978"
}