{
  "year": 2025,
  "league_avg_xwoba": 0.31466240409207163,
  "timestamp": "2025-09-22T15:09:00.122261"
}