{
  "year": 2025,
  "league_avg_xwoba": 0.3149494949494949,
  "timestamp": "2025-08-24T22:55:36.157000"
}