{
  "year": 2025,
  "league_avg_xwoba": 0.31373401534526857,
  "timestamp": "2025-08-16T23:58:13.481314"
}