{
  "year": 2026,
  "league_avg_xwoba": 0.29650718685831623,
  "timestamp": "2026-04-08T15:37:59.286312"
}