{
  "year": 2025,
  "league_avg_xwoba": 0.31155388471177947,
  "timestamp": "2025-08-04T15:10:18.077496"
}