{
  "year": 2025,
  "league_avg_xwoba": 0.31609045226130655,
  "timestamp": "2025-06-21T15:06:10.882973"
}