{
  "year": 2026,
  "league_avg_xwoba": 0.3024211663066955,
  "timestamp": "2026-04-19T08:29:38.304984"
}