{
  "year": 2025,
  "league_avg_xwoba": 0.3139121447028424,
  "timestamp": "2025-07-02T23:09:23.162196"
}