{
  "year": 2026,
  "league_avg_xwoba": 0.31076590330788806,
  "timestamp": "2026-05-13T12:56:01.955929"
}