{
  "year": 2025,
  "league_avg_xwoba": 0.33648493879510355,
  "timestamp": "2025-06-01T08:09:49.744688"
}