{
  "year": 2025,
  "league_avg_xwoba": 0.33645628980677755,
  "timestamp": "2025-05-14T15:08:39.639493"
}