{
  "year": 2025,
  "league_avg_xwoba": 0.31319444444444444,
  "timestamp": "2025-08-20T15:07:53.778404"
}