{
  "year": 2026,
  "league_avg_xwoba": 0.2997415966386554,
  "timestamp": "2026-04-16T15:39:57.435345"
}