{
  "year": 2025,
  "league_avg_xwoba": 0.3357753451176511,
  "timestamp": "2025-05-24T03:07:26.223567"
}