{
  "year": 2026,
  "league_avg_xwoba": 0.30740731707317076,
  "timestamp": "2026-06-03T09:47:44.033807"
}