{
  "year": 2025,
  "league_avg_xwoba": 0.3361996891006855,
  "timestamp": "2025-05-17T15:07:29.143096"
}