{
  "year": 2025,
  "league_avg_xwoba": 0.32475724637681164,
  "timestamp": "2025-04-19T15:06:54.823929"
}