{
  "year": 2025,
  "league_avg_xwoba": 0.3361997935511911,
  "timestamp": "2025-05-13T23:08:00.886922"
}