{
  "year": 2026,
  "league_avg_xwoba": 0.3130612244897959,
  "timestamp": "2026-05-03T23:22:26.362982"
}