{
  "year": 2025,
  "league_avg_xwoba": 0.33661526663258273,
  "timestamp": "2025-05-25T19:53:39.858249"
}