{
  "year": 2025,
  "league_avg_xwoba": 0.3160765306122449,
  "timestamp": "2025-09-02T12:11:45.669431"
}