{
  "year": 2025,
  "league_avg_xwoba": 0.3116240601503759,
  "timestamp": "2025-07-19T12:12:50.299925"
}