{
  "year": 2026,
  "league_avg_xwoba": 0.30662222222222224,
  "timestamp": "2026-06-06T09:01:43.587961"
}