{
  "year": 2025,
  "league_avg_xwoba": 0.3143080808080808,
  "timestamp": "2025-08-28T23:07:26.395660"
}