{
  "year": 2025,
  "league_avg_xwoba": 0.3150358056265985,
  "timestamp": "2025-09-10T15:21:12.125815"
}