{
  "year": 2025,
  "league_avg_xwoba": 0.31418414322250643,
  "timestamp": "2025-09-13T08:23:06.993588"
}