{
  "year": 2026,
  "league_avg_xwoba": 0.3048345679012346,
  "timestamp": "2026-07-13T17:16:44.694654"
}