{
  "year": 2025,
  "league_avg_xwoba": 0.31504102564102565,
  "timestamp": "2025-09-20T08:08:59.956499"
}