{
  "year": 2025,
  "league_avg_xwoba": 0.3140077319587629,
  "timestamp": "2025-07-03T15:09:14.869262"
}