{
  "year": 2025,
  "league_avg_xwoba": 0.31466246851385393,
  "timestamp": "2025-08-25T12:12:04.927766"
}