{
  "year": 2025,
  "league_avg_xwoba": 0.33714161070276555,
  "timestamp": "2025-05-15T15:08:50.288424"
}