{
  "year": 2025,
  "league_avg_xwoba": 0.3354877378958065,
  "timestamp": "2025-05-12T12:12:58.915613"
}