{
  "year": 2025,
  "league_avg_xwoba": 0.3150434782608696,
  "timestamp": "2025-09-08T15:07:18.327110"
}