{
  "year": 2026,
  "league_avg_xwoba": 0.3065660847880299,
  "timestamp": "2026-06-21T09:24:51.538667"
}