{
  "year": 2025,
  "league_avg_xwoba": 0.3136540404040404,
  "timestamp": "2025-07-06T08:10:18.759558"
}