{
  "year": 2025,
  "league_avg_xwoba": 0.3307016813125413,
  "timestamp": "2025-04-20T16:31:35.991672"
}