{
  "year": 2026,
  "league_avg_xwoba": 0.30615686274509807,
  "timestamp": "2026-05-29T13:18:50.132184"
}