{
  "year": 2026,
  "league_avg_xwoba": 0.3065660847880299,
  "timestamp": "2026-06-20T12:48:24.773217"
}