{
  "year": 2025,
  "league_avg_xwoba": 0.31296221662468515,
  "timestamp": "2025-08-19T15:08:01.509032"
}