{
  "year": 2025,
  "league_avg_xwoba": 0.33606687668990154,
  "timestamp": "2025-05-18T12:11:28.262714"
}