{
  "year": 2026,
  "league_avg_xwoba": 0.30738423645320195,
  "timestamp": "2026-05-27T09:19:10.327801"
}