{
  "year": 2025,
  "league_avg_xwoba": 0.3360392389149461,
  "timestamp": "2025-05-20T23:08:12.094417"
}