{
  "year": 2025,
  "league_avg_xwoba": 0.31691989664082687,
  "timestamp": "2025-08-31T23:07:21.036959"
}