{
  "year": 2025,
  "league_avg_xwoba": 0.31231738035264484,
  "timestamp": "2025-08-06T05:06:14.682008"
}