{
  "year": 2026,
  "league_avg_xwoba": 0.3073046683046683,
  "timestamp": "2026-06-12T13:22:57.489397"
}