{
  "year": 2025,
  "league_avg_xwoba": 0.31435294117647056,
  "timestamp": "2025-09-11T12:38:43.753464"
}