{
  "year": 2025,
  "league_avg_xwoba": 0.33621201674852036,
  "timestamp": "2025-06-20T15:08:23.414471"
}