{
  "year": 2025,
  "league_avg_xwoba": 0.33599432820083985,
  "timestamp": "2025-06-07T15:07:32.538796"
}