{
  "year": 2025,
  "league_avg_xwoba": 0.32570289855072465,
  "timestamp": "2025-04-20T08:10:01.553668"
}