{
  "year": 2025,
  "league_avg_xwoba": 0.313196029776675,
  "timestamp": "2025-07-11T12:13:34.167921"
}