{
  "year": 2025,
  "league_avg_xwoba": 0.31233582089552236,
  "timestamp": "2025-07-15T08:12:19.867267"
}