{
  "year": 2025,
  "league_avg_xwoba": 0.31349122807017543,
  "timestamp": "2025-08-26T23:07:24.498362"
}