{
  "year": 2025,
  "league_avg_xwoba": 0.31335643564356436,
  "timestamp": "2025-07-12T15:08:26.668295"
}