{
  "year": 2026,
  "league_avg_xwoba": 0.3056307692307692,
  "timestamp": "2026-07-20T14:13:29.524689"
}