{
  "year": 2025,
  "league_avg_xwoba": 0.3130769230769231,
  "timestamp": "2025-08-08T23:09:18.250324"
}