{
  "year": 2025,
  "league_avg_xwoba": 0.33648493879510355,
  "timestamp": "2025-05-31T08:09:51.626409"
}