{
  "year": 2025,
  "league_avg_xwoba": 0.33602736433781677,
  "timestamp": "2025-05-28T23:08:21.049512"
}