{
  "year": 2025,
  "league_avg_xwoba": 0.3130403022670025,
  "timestamp": "2025-07-08T12:14:06.662075"
}