{
  "year": 2025,
  "league_avg_xwoba": 0.31466240409207163,
  "timestamp": "2025-09-23T08:10:20.368371"
}