{
  "year": 2026,
  "league_avg_xwoba": 0.30566748768472907,
  "timestamp": "2026-07-04T14:39:52.437938"
}