{
  "year": 2026,
  "league_avg_xwoba": 0.3116573604060914,
  "timestamp": "2026-05-10T08:44:41.404870"
}