{
  "year": 2026,
  "league_avg_xwoba": 0.3117544757033248,
  "timestamp": "2026-05-01T08:49:14.352553"
}