{
  "year": 2025,
  "league_avg_xwoba": 0.3144910025706941,
  "timestamp": "2025-06-30T23:08:35.098798"
}