{
  "year": 2025,
  "league_avg_xwoba": 0.31418414322250643,
  "timestamp": "2025-09-12T23:17:44.474132"
}