{
  "year": 2025,
  "league_avg_xwoba": 0.3136540404040404,
  "timestamp": "2025-07-05T08:10:33.944213"
}