{
  "year": 2025,
  "league_avg_xwoba": 0.3110151898734177,
  "timestamp": "2025-07-24T15:09:51.564016"
}