{
  "year": 2025,
  "league_avg_xwoba": 0.33594809233148515,
  "timestamp": "2025-06-16T15:58:11.505283"
}