{
  "year": 2025,
  "league_avg_xwoba": 0.3366642710939277,
  "timestamp": "2025-05-24T08:09:37.117984"
}