{
  "year": 2026,
  "league_avg_xwoba": 0.31268637532133675,
  "timestamp": "2026-04-28T15:56:11.209505"
}