{
  "year": 2026,
  "league_avg_xwoba": 0.3052474489795919,
  "timestamp": "2026-07-22T04:09:20.212109"
}