{
  "year": 2025,
  "league_avg_xwoba": 0.3160794871794872,
  "timestamp": "2025-09-05T08:09:03.546005"
}