{
  "year": 2026,
  "league_avg_xwoba": 0.31076590330788806,
  "timestamp": "2026-05-13T15:59:21.481537"
}