{
  "year": 2026,
  "league_avg_xwoba": 0.30555725190839694,
  "timestamp": "2026-07-18T16:03:35.985290"
}