{
  "year": 2025,
  "league_avg_xwoba": 0.3138030303030303,
  "timestamp": "2025-09-24T23:07:25.738657"
}