{
  "year": 2025,
  "league_avg_xwoba": 0.31691989664082687,
  "timestamp": "2025-09-01T08:10:04.626803"
}