{
  "year": 2026,
  "league_avg_xwoba": 0.30621515892420537,
  "timestamp": "2026-05-30T12:36:01.040211"
}