{
  "year": 2025,
  "league_avg_xwoba": 0.3136532663316583,
  "timestamp": "2025-08-27T23:07:29.206190"
}