{
  "year": 2026,
  "league_avg_xwoba": 0.3043731707317073,
  "timestamp": "2026-07-11T13:27:17.682012"
}