{
  "year": 2025,
  "league_avg_xwoba": 0.3148269720101781,
  "timestamp": "2025-09-23T12:11:11.231476"
}