{
  "year": 2025,
  "league_avg_xwoba": 0.3119800498753117,
  "timestamp": "2025-07-30T08:12:04.919557"
}