{
  "year": 2026,
  "league_avg_xwoba": 0.30720393120393125,
  "timestamp": "2026-06-17T23:40:41.159404"
}