{
  "year": 2026,
  "league_avg_xwoba": 0.305295,
  "timestamp": "2026-07-15T13:51:38.020992"
}