{
  "year": 2026,
  "league_avg_xwoba": 0.31379949238578686,
  "timestamp": "2026-05-09T05:12:26.041015"
}