{
  "year": 2026,
  "league_avg_xwoba": 0.30529500000000004,
  "timestamp": "2026-07-16T16:22:03.640940"
}