{
  "year": 2026,
  "league_avg_xwoba": 0.30720393120393125,
  "timestamp": "2026-06-18T09:40:33.870417"
}