{
  "year": 2025,
  "league_avg_xwoba": 0.34494701986754966,
  "timestamp": "2025-04-13T14:26:46.725883"
}