{
  "year": 2025,
  "league_avg_xwoba": 0.33714161070276555,
  "timestamp": "2025-05-16T08:10:46.160508"
}