{
  "year": 2026,
  "league_avg_xwoba": 0.30533004926108376,
  "timestamp": "2026-06-28T23:31:46.091634"
}