{
  "year": 2025,
  "league_avg_xwoba": 0.33648493879510355,
  "timestamp": "2025-05-31T12:11:35.220850"
}