{
  "year": 2026,
  "league_avg_xwoba": 0.30566748768472907,
  "timestamp": "2026-07-04T13:42:43.298529"
}