{
  "year": 2025,
  "league_avg_xwoba": 0.3135088607594937,
  "timestamp": "2025-08-23T08:08:32.127105"
}