{
  "year": 2025,
  "league_avg_xwoba": 0.3151303258145363,
  "timestamp": "2025-06-22T12:11:55.382710"
}