{
  "year": 2026,
  "league_avg_xwoba": 0.3024211663066955,
  "timestamp": "2026-04-19T15:20:25.353186"
}