{
  "year": 2025,
  "league_avg_xwoba": 0.31525628140703515,
  "timestamp": "2025-06-21T08:10:09.617672"
}