{
  "year": 2025,
  "league_avg_xwoba": 0.3354877378958065,
  "timestamp": "2025-05-12T23:08:08.306129"
}