{
  "year": 2026,
  "league_avg_xwoba": 0.3061369193154034,
  "timestamp": "2026-06-24T12:57:17.179890"
}