{
  "year": 2026,
  "league_avg_xwoba": 0.3065577395577395,
  "timestamp": "2026-06-08T00:30:35.013248"
}