{
  "year": 2025,
  "league_avg_xwoba": 0.33623991319232177,
  "timestamp": "2025-05-08T15:08:49.535225"
}