{
  "year": 2025,
  "league_avg_xwoba": 0.313196029776675,
  "timestamp": "2025-07-11T15:09:23.193785"
}