{
  "year": 2025,
  "league_avg_xwoba": 0.3361329638284313,
  "timestamp": "2025-06-02T23:08:24.959273"
}