{
  "year": 2025,
  "league_avg_xwoba": 0.31497698209718666,
  "timestamp": "2025-09-17T04:21:20.649212"
}