{
  "year": 2025,
  "league_avg_xwoba": 0.3364408138658629,
  "timestamp": "2025-05-09T15:08:21.723689"
}