{
  "year": 2025,
  "league_avg_xwoba": 0.33634056543653323,
  "timestamp": "2025-05-10T23:07:41.722543"
}