{
  "year": 2025,
  "league_avg_xwoba": 0.31267002518891684,
  "timestamp": "2025-08-01T08:12:22.387627"
}