{
  "year": 2025,
  "league_avg_xwoba": 0.33665880888397093,
  "timestamp": "2025-06-01T23:08:17.285905"
}