{
  "year": 2026,
  "league_avg_xwoba": 0.304158924205379,
  "timestamp": "2026-07-08T14:22:29.999648"
}