{
  "year": 2026,
  "league_avg_xwoba": 0.305295,
  "timestamp": "2026-07-16T10:14:23.135765"
}