{
  "year": 2025,
  "league_avg_xwoba": 0.3116240601503759,
  "timestamp": "2025-07-19T15:08:39.362326"
}