{
  "year": 2026,
  "league_avg_xwoba": 0.30488235294117644,
  "timestamp": "2026-06-28T05:14:07.321405"
}