{
  "year": 2026,
  "league_avg_xwoba": 0.2997415966386554,
  "timestamp": "2026-04-17T00:22:42.798148"
}