{
  "year": 2025,
  "league_avg_xwoba": 0.31131658291457287,
  "timestamp": "2025-07-26T02:10:12.815091"
}