{
  "year": 2026,
  "league_avg_xwoba": 0.29650718685831623,
  "timestamp": "2026-04-09T08:41:15.850001"
}