{
  "year": 2025,
  "league_avg_xwoba": 0.31373803526448363,
  "timestamp": "2025-08-23T15:07:01.541826"
}