{
  "year": 2025,
  "league_avg_xwoba": 0.3134492385786802,
  "timestamp": "2025-08-18T23:07:17.635648"
}