{
  "year": 2026,
  "league_avg_xwoba": 0.30663990267639907,
  "timestamp": "2026-06-01T23:37:47.098213"
}