{
  "year": 2025,
  "league_avg_xwoba": 0.3148269720101781,
  "timestamp": "2025-09-23T23:07:45.215491"
}