{
  "year": 2025,
  "league_avg_xwoba": 0.3117275,
  "timestamp": "2025-07-28T23:09:36.906306"
}