{
  "year": 2026,
  "league_avg_xwoba": 0.29844834710743806,
  "timestamp": "2026-04-14T04:40:35.220353"
}