{
  "year": 2025,
  "league_avg_xwoba": 0.33468384854846883,
  "timestamp": "2025-05-02T08:10:14.411366"
}