{
  "year": 2026,
  "league_avg_xwoba": 0.31135368956743004,
  "timestamp": "2026-05-11T13:11:45.652609"
}