{
  "year": 2025,
  "league_avg_xwoba": 0.31414578005115085,
  "timestamp": "2025-06-27T15:09:13.151141"
}