{
  "year": 2025,
  "league_avg_xwoba": 0.3122230576441103,
  "timestamp": "2025-07-27T15:08:44.032729"
}