{
  "year": 2026,
  "league_avg_xwoba": 0.305295,
  "timestamp": "2026-07-16T00:04:41.520067"
}