{
  "year": 2025,
  "league_avg_xwoba": 0.3382514619883041,
  "timestamp": "2025-04-15T05:05:47.123175"
}