{
  "year": 2026,
  "league_avg_xwoba": 0.3123291139240506,
  "timestamp": "2026-05-06T02:45:33.732534"
}