{
  "year": 2026,
  "league_avg_xwoba": 0.3051936274509804,
  "timestamp": "2026-07-02T09:12:42.935987"
}