{
  "year": 2026,
  "league_avg_xwoba": 0.31233161953727506,
  "timestamp": "2026-04-30T08:55:40.442906"
}