{
  "year": 2025,
  "league_avg_xwoba": 0.31414578005115085,
  "timestamp": "2025-06-27T23:08:32.841100"
}