{
  "year": 2026,
  "league_avg_xwoba": 0.30533004926108376,
  "timestamp": "2026-06-28T15:34:48.089261"
}