{
  "year": 2025,
  "league_avg_xwoba": 0.3138125,
  "timestamp": "2025-07-10T12:14:19.293059"
}