{
  "year": 2025,
  "league_avg_xwoba": 0.312080604534005,
  "timestamp": "2025-07-22T12:14:14.860433"
}