{
  "year": 2025,
  "league_avg_xwoba": 0.3357606181343055,
  "timestamp": "2025-06-18T08:11:07.454810"
}