{
  "year": 2025,
  "league_avg_xwoba": 0.3153076923076923,
  "timestamp": "2025-09-08T08:10:34.446304"
}