{
  "year": 2025,
  "league_avg_xwoba": 0.3362226983821264,
  "timestamp": "2025-06-19T23:08:44.634586"
}