{
  "year": 2025,
  "league_avg_xwoba": 0.3144910025706941,
  "timestamp": "2025-06-30T15:09:09.306516"
}