{
  "year": 2026,
  "league_avg_xwoba": 0.30641277641277637,
  "timestamp": "2026-06-24T09:18:00.725894"
}