{
  "year": 2025,
  "league_avg_xwoba": 0.33469601967644713,
  "timestamp": "2025-05-04T08:09:51.369276"
}