{
  "year": 2025,
  "league_avg_xwoba": 0.3146173469387755,
  "timestamp": "2025-06-26T15:09:14.718234"
}