{
  "year": 2026,
  "league_avg_xwoba": 0.304158924205379,
  "timestamp": "2026-07-09T00:16:38.877495"
}