{
  "year": 2025,
  "league_avg_xwoba": 0.312015,
  "timestamp": "2025-09-30T00:27:40.614089"
}