{
  "year": 2025,
  "league_avg_xwoba": 0.31510741687979543,
  "timestamp": "2025-09-13T15:17:18.498294"
}