{
  "year": 2025,
  "league_avg_xwoba": 0.3118838383838384,
  "timestamp": "2025-07-27T08:11:00.011656"
}