{
  "year": 2026,
  "league_avg_xwoba": 0.3127328244274809,
  "timestamp": "2026-05-05T03:39:55.143729"
}