{
  "year": 2025,
  "league_avg_xwoba": 0.3382514619883041,
  "timestamp": "2025-04-14T11:05:17.017502"
}