{
  "year": 2025,
  "league_avg_xwoba": 0.31131658291457287,
  "timestamp": "2025-07-25T12:13:57.563696"
}