{
  "year": 2026,
  "league_avg_xwoba": 0.3088627450980392,
  "timestamp": "2026-05-21T09:18:52.603000"
}