{
  "year": 2026,
  "league_avg_xwoba": 0.30675,
  "timestamp": "2026-06-23T09:19:38.532048"
}