{
  "year": 2025,
  "league_avg_xwoba": 0.3138125,
  "timestamp": "2025-07-10T23:08:59.729303"
}