{
  "year": 2026,
  "league_avg_xwoba": 0.29806211180124226,
  "timestamp": "2026-04-12T08:30:06.194146"
}