{
  "year": 2025,
  "league_avg_xwoba": 0.31386493506493507,
  "timestamp": "2025-08-13T08:11:24.483742"
}