{
  "year": 2025,
  "league_avg_xwoba": 0.31231738035264484,
  "timestamp": "2025-08-05T15:11:01.255371"
}