{
  "year": 2026,
  "league_avg_xwoba": 0.3074581280788177,
  "timestamp": "2026-05-26T09:23:14.253269"
}