{
  "year": 2025,
  "league_avg_xwoba": 0.3347522799049005,
  "timestamp": "2025-05-02T23:07:50.711971"
}