{
  "year": 2025,
  "league_avg_xwoba": 0.31466246851385393,
  "timestamp": "2025-08-25T15:07:46.066342"
}