{
  "year": 2026,
  "league_avg_xwoba": 0.30566748768472907,
  "timestamp": "2026-07-05T10:20:24.730312"
}