{
  "year": 2026,
  "league_avg_xwoba": 0.3065970515970516,
  "timestamp": "2026-05-28T23:36:33.260034"
}