{
  "year": 2025,
  "league_avg_xwoba": 0.3138125,
  "timestamp": "2025-07-10T15:09:52.728924"
}