{
  "year": 2025,
  "league_avg_xwoba": 0.3304865036364524,
  "timestamp": "2025-04-21T23:09:36.940099"
}