{
  "year": 2026,
  "league_avg_xwoba": 0.29478627450980394,
  "timestamp": "2026-04-04T00:30:02.179736"
}