{
  "year": 2026,
  "league_avg_xwoba": 0.3073046683046683,
  "timestamp": "2026-06-13T09:13:10.123899"
}