{
  "year": 2025,
  "league_avg_xwoba": 0.31230075187969925,
  "timestamp": "2025-07-21T08:13:17.217666"
}