{
  "year": 2025,
  "league_avg_xwoba": 0.3155912596401028,
  "timestamp": "2025-09-18T12:10:46.341544"
}