{
  "year": 2025,
  "league_avg_xwoba": 0.3249749103942652,
  "timestamp": "2025-04-17T12:12:26.115561"
}