{
  "year": 2026,
  "league_avg_xwoba": 0.31109390862944164,
  "timestamp": "2026-05-13T09:12:49.202077"
}