{
  "year": 2025,
  "league_avg_xwoba": 0.3125521628498728,
  "timestamp": "2025-08-06T12:15:36.545836"
}