{
  "year": 2025,
  "league_avg_xwoba": 0.3306823893384103,
  "timestamp": "2025-04-23T12:12:19.125694"
}