{
  "year": 2026,
  "league_avg_xwoba": 0.3076871921182266,
  "timestamp": "2026-06-11T23:38:50.811006"
}