{
  "year": 2025,
  "league_avg_xwoba": 0.31526142131979695,
  "timestamp": "2025-06-25T15:09:14.365506"
}