{
  "year": 2025,
  "league_avg_xwoba": 0.3140077319587629,
  "timestamp": "2025-07-04T05:00:50.544896"
}