{
  "year": 2026,
  "league_avg_xwoba": 0.3057469586374696,
  "timestamp": "2026-06-25T21:21:19.438854"
}