{
  "year": 2026,
  "league_avg_xwoba": 0.3003361522198731,
  "timestamp": "2026-04-17T23:20:12.617602"
}