{
  "year": 2026,
  "league_avg_xwoba": 0.30615686274509807,
  "timestamp": "2026-05-29T23:36:13.039493"
}