{
  "year": 2025,
  "league_avg_xwoba": 0.3126281407035176,
  "timestamp": "2025-07-18T12:14:33.408944"
}