{
  "year": 2025,
  "league_avg_xwoba": 0.3360392389149461,
  "timestamp": "2025-05-20T12:13:05.948110"
}