{
  "year": 2025,
  "league_avg_xwoba": 0.3360641819593584,
  "timestamp": "2025-06-04T23:08:20.572321"
}