{
  "year": 2025,
  "league_avg_xwoba": 0.3115525,
  "timestamp": "2025-08-02T12:13:19.813552"
}