{
  "year": 2025,
  "league_avg_xwoba": 0.3361996891006855,
  "timestamp": "2025-05-17T23:07:39.926018"
}