{
  "year": 2025,
  "league_avg_xwoba": 0.33591341934761093,
  "timestamp": "2025-06-05T12:17:24.080110"
}