{
  "year": 2026,
  "league_avg_xwoba": 0.29478627450980394,
  "timestamp": "2026-04-03T22:55:06.309640"
}