{
  "year": 2025,
  "league_avg_xwoba": 0.31609045226130655,
  "timestamp": "2025-06-21T12:11:40.548710"
}