{
  "year": 2025,
  "league_avg_xwoba": 0.3135373134328358,
  "timestamp": "2025-07-13T23:08:58.073583"
}