{
  "year": 2025,
  "league_avg_xwoba": 0.31373401534526857,
  "timestamp": "2025-08-17T04:26:20.119235"
}