{
  "year": 2026,
  "league_avg_xwoba": 0.3052474489795919,
  "timestamp": "2026-07-21T16:27:07.486511"
}