{
  "year": 2025,
  "league_avg_xwoba": 0.3138668341708543,
  "timestamp": "2025-09-26T08:09:57.854381"
}