{
  "year": 2026,
  "league_avg_xwoba": 0.3077352941176471,
  "timestamp": "2026-05-24T12:33:23.042489"
}