{
  "year": 2026,
  "league_avg_xwoba": 0.3066460396039604,
  "timestamp": "2026-06-19T23:31:13.579556"
}