{
  "year": 2025,
  "league_avg_xwoba": 0.3374860335195531,
  "timestamp": "2025-04-15T15:45:21.550263"
}