{
  "year": 2026,
  "league_avg_xwoba": 0.30738106796116504,
  "timestamp": "2026-06-13T12:48:28.852760"
}