{
  "year": 2026,
  "league_avg_xwoba": 0.30365324384787473,
  "timestamp": "2026-04-21T12:33:12.516546"
}