{
  "year": 2025,
  "league_avg_xwoba": 0.3131653746770026,
  "timestamp": "2025-08-09T23:55:12.353195"
}