{
  "year": 2026,
  "league_avg_xwoba": 0.30745965770171146,
  "timestamp": "2026-06-04T09:28:49.307669"
}