{
  "year": 2026,
  "league_avg_xwoba": 0.29844834710743806,
  "timestamp": "2026-04-13T23:24:19.262269"
}