{
  "year": 2025,
  "league_avg_xwoba": 0.3254872727272727,
  "timestamp": "2025-04-18T15:08:11.428732"
}