{
  "year": 2025,
  "league_avg_xwoba": 0.3361587677725118,
  "timestamp": "2025-05-26T08:14:32.780865"
}