{
  "year": 2025,
  "league_avg_xwoba": 0.313196029776675,
  "timestamp": "2025-07-12T08:10:39.338528"
}