{
  "year": 2025,
  "league_avg_xwoba": 0.3137979797979798,
  "timestamp": "2025-08-29T12:11:14.659903"
}