{
  "year": 2025,
  "league_avg_xwoba": 0.31435294117647056,
  "timestamp": "2025-09-11T15:20:12.377411"
}