{
  "year": 2025,
  "league_avg_xwoba": 0.3139328165374677,
  "timestamp": "2025-08-13T23:09:00.819858"
}