{
  "year": 2025,
  "league_avg_xwoba": 0.32475724637681164,
  "timestamp": "2025-04-19T08:08:59.291780"
}