{
  "year": 2025,
  "league_avg_xwoba": 0.31599744245524297,
  "timestamp": "2025-08-30T15:06:54.412559"
}