{
  "year": 2026,
  "league_avg_xwoba": 0.3054487804878049,
  "timestamp": "2026-06-27T09:03:49.873616"
}