{
  "year": 2026,
  "league_avg_xwoba": 0.3070859950859951,
  "timestamp": "2026-06-06T15:35:20.798009"
}