{
  "year": 2026,
  "league_avg_xwoba": 0.30662222222222224,
  "timestamp": "2026-06-05T23:35:18.496824"
}