{
  "year": 2025,
  "league_avg_xwoba": 0.3359407412215227,
  "timestamp": "2025-05-27T15:08:53.037048"
}