{
  "year": 2025,
  "league_avg_xwoba": 0.3126206030150754,
  "timestamp": "2025-07-18T08:11:28.802461"
}