{
  "year": 2026,
  "league_avg_xwoba": 0.3071453201970443,
  "timestamp": "2026-06-04T13:18:15.140962"
}