{
  "year": 2026,
  "league_avg_xwoba": 0.309088161209068,
  "timestamp": "2026-05-17T23:51:26.242353"
}