{
  "year": 2025,
  "league_avg_xwoba": 0.33198918827603685,
  "timestamp": "2025-04-26T12:10:47.664678"
}