{
  "year": 2025,
  "league_avg_xwoba": 0.31414578005115085,
  "timestamp": "2025-06-28T08:10:09.773167"
}