{
  "year": 2026,
  "league_avg_xwoba": 0.3091007371007371,
  "timestamp": "2026-05-22T23:32:12.133663"
}