{
  "year": 2026,
  "league_avg_xwoba": 0.3074720194647202,
  "timestamp": "2026-06-15T23:40:49.966599"
}