{
  "year": 2026,
  "league_avg_xwoba": 0.305295,
  "timestamp": "2026-07-15T16:27:50.376210"
}