{
  "year": 2025,
  "league_avg_xwoba": 0.3117275,
  "timestamp": "2025-07-29T08:12:16.081594"
}