{
  "year": 2025,
  "league_avg_xwoba": 0.3359343361200711,
  "timestamp": "2025-05-06T12:13:28.260686"
}