{
  "year": 2025,
  "league_avg_xwoba": 0.33564952075587545,
  "timestamp": "2025-05-04T15:07:19.718345"
}