{
  "year": 2025,
  "league_avg_xwoba": 0.3144961240310078,
  "timestamp": "2025-07-01T23:08:44.194380"
}