{
  "year": 2025,
  "league_avg_xwoba": 0.3358943946460461,
  "timestamp": "2025-06-11T15:08:51.713146"
}