{
  "year": 2025,
  "league_avg_xwoba": 0.3151303258145363,
  "timestamp": "2025-06-23T08:12:06.151456"
}