{
  "year": 2025,
  "league_avg_xwoba": 0.31599744245524297,
  "timestamp": "2025-08-31T08:08:55.663960"
}