{
  "year": 2026,
  "league_avg_xwoba": 0.3048345679012346,
  "timestamp": "2026-07-14T10:04:10.868004"
}