{
  "year": 2026,
  "league_avg_xwoba": 0.29478627450980394,
  "timestamp": "2026-04-03T21:01:10.093398"
}