{
  "year": 2025,
  "league_avg_xwoba": 0.31538481012658226,
  "timestamp": "2025-06-25T08:12:01.196960"
}