{
  "year": 2026,
  "league_avg_xwoba": 0.29517450980392157,
  "timestamp": "2026-04-04T12:19:39.880997"
}