{
  "year": 2025,
  "league_avg_xwoba": 0.312080604534005,
  "timestamp": "2025-07-23T08:12:03.289120"
}