{
  "year": 2026,
  "league_avg_xwoba": 0.3048296836982968,
  "timestamp": "2026-06-29T16:24:17.929079"
}