{
  "year": 2025,
  "league_avg_xwoba": 0.31529591836734694,
  "timestamp": "2025-06-30T08:12:21.624167"
}