{
  "year": 2025,
  "league_avg_xwoba": 0.3160765306122449,
  "timestamp": "2025-09-02T08:09:50.302094"
}