{
  "year": 2026,
  "league_avg_xwoba": 0.30740731707317076,
  "timestamp": "2026-06-02T23:40:45.486402"
}