{
  "year": 2025,
  "league_avg_xwoba": 0.3250938628158845,
  "timestamp": "2025-04-16T16:47:48.081741"
}