{
  "year": 2025,
  "league_avg_xwoba": 0.3126281407035176,
  "timestamp": "2025-07-19T08:10:47.993923"
}