{
  "year": 2025,
  "league_avg_xwoba": 0.3155912596401028,
  "timestamp": "2025-09-19T08:09:25.619369"
}