{
  "year": 2025,
  "league_avg_xwoba": 0.312464824120603,
  "timestamp": "2025-07-22T08:11:51.427012"
}