{
  "year": 2026,
  "league_avg_xwoba": 0.3054487804878049,
  "timestamp": "2026-06-26T15:52:57.785380"
}