{
  "year": 2026,
  "league_avg_xwoba": 0.3062224938875306,
  "timestamp": "2026-06-09T16:06:18.302542"
}