{
  "year": 2025,
  "league_avg_xwoba": 0.3137073791348601,
  "timestamp": "2025-08-17T12:12:34.315063"
}