{
  "year": 2026,
  "league_avg_xwoba": 0.3065577395577395,
  "timestamp": "2026-06-07T23:31:27.834922"
}