{
  "year": 2025,
  "league_avg_xwoba": 0.3382514619883041,
  "timestamp": "2025-04-14T16:06:08.660475"
}