{
  "year": 2025,
  "league_avg_xwoba": 0.3137979797979798,
  "timestamp": "2025-08-29T23:07:38.700861"
}