{
  "year": 2025,
  "league_avg_xwoba": 0.336225680337294,
  "timestamp": "2025-06-03T23:08:04.734117"
}