{
  "year": 2026,
  "league_avg_xwoba": 0.3067420924574209,
  "timestamp": "2026-05-31T15:35:32.788475"
}