{
  "year": 2025,
  "league_avg_xwoba": 0.3361329638284313,
  "timestamp": "2025-06-02T12:13:07.447302"
}