{
  "year": 2025,
  "league_avg_xwoba": 0.3368093530828012,
  "timestamp": "2025-05-16T12:14:06.346540"
}