{
  "year": 2025,
  "league_avg_xwoba": 0.3136020151133502,
  "timestamp": "2025-07-10T08:11:47.717082"
}