{
  "year": 2025,
  "league_avg_xwoba": 0.3362226983821264,
  "timestamp": "2025-06-20T02:40:01.461303"
}