{
  "year": 2026,
  "league_avg_xwoba": 0.30641277641277637,
  "timestamp": "2026-06-23T23:31:29.073639"
}