{
  "year": 2025,
  "league_avg_xwoba": 0.31177638190954776,
  "timestamp": "2025-08-03T15:08:44.717673"
}