{
  "year": 2025,
  "league_avg_xwoba": 0.3329877703340677,
  "timestamp": "2025-04-24T23:08:07.016801"
}