{
  "year": 2026,
  "league_avg_xwoba": 0.3043357843137255,
  "timestamp": "2026-07-09T14:37:35.332982"
}