{
  "year": 2025,
  "league_avg_xwoba": 0.3360641819593584,
  "timestamp": "2025-06-04T12:13:09.968400"
}