{
  "year": 2026,
  "league_avg_xwoba": 0.3071210653753027,
  "timestamp": "2026-06-15T14:19:10.567983"
}