{
  "year": 2025,
  "league_avg_xwoba": 0.33564952075587545,
  "timestamp": "2025-05-04T23:07:50.848287"
}