{
  "year": 2025,
  "league_avg_xwoba": 0.33592354923013945,
  "timestamp": "2025-05-07T23:08:10.455736"
}