{
  "year": 2025,
  "league_avg_xwoba": 0.3355505499340079,
  "timestamp": "2025-06-10T15:10:16.693139"
}