{
  "year": 2026,
  "league_avg_xwoba": 0.3053538083538083,
  "timestamp": "2026-07-06T17:48:54.024488"
}