{
  "year": 2025,
  "league_avg_xwoba": 0.31349122807017543,
  "timestamp": "2025-08-27T08:09:14.523644"
}