{
  "year": 2025,
  "league_avg_xwoba": 0.3119800498753117,
  "timestamp": "2025-07-29T23:09:09.163235"
}