{
  "year": 2025,
  "league_avg_xwoba": 0.3136020151133502,
  "timestamp": "2025-07-09T21:59:28.145317"
}