{
  "year": 2026,
  "league_avg_xwoba": 0.3090603015075377,
  "timestamp": "2026-05-19T04:24:49.370564"
}