{
  "year": 2026,
  "league_avg_xwoba": 0.3130050632911392,
  "timestamp": "2026-05-07T09:03:56.545841"
}