{
  "year": 2026,
  "league_avg_xwoba": 0.30584438775510203,
  "timestamp": "2026-07-19T16:03:11.832219"
}