{
  "year": 2026,
  "league_avg_xwoba": 0.30641277641277637,
  "timestamp": "2026-06-23T16:04:36.026170"
}