{
  "year": 2025,
  "league_avg_xwoba": 0.3149410256410256,
  "timestamp": "2025-09-14T16:18:05.240151"
}