{
  "year": 2026,
  "league_avg_xwoba": 0.3066460396039604,
  "timestamp": "2026-06-20T09:12:31.206907"
}