{
  "year": 2025,
  "league_avg_xwoba": 0.3150588235294118,
  "timestamp": "2025-09-15T15:22:07.351836"
}