{
  "year": 2025,
  "league_avg_xwoba": 0.3358706689981219,
  "timestamp": "2025-05-07T08:11:07.553806"
}