{
  "year": 2026,
  "league_avg_xwoba": 0.30731449631449625,
  "timestamp": "2026-06-17T13:27:21.939458"
}