{
  "year": 2025,
  "league_avg_xwoba": 0.3135088607594937,
  "timestamp": "2025-08-22T23:07:33.950002"
}