{
  "year": 2026,
  "league_avg_xwoba": 0.3071210653753027,
  "timestamp": "2026-06-14T15:41:08.688317"
}