{
  "year": 2025,
  "league_avg_xwoba": 0.33645628980677755,
  "timestamp": "2025-05-15T12:12:38.401536"
}