{
  "year": 2025,
  "league_avg_xwoba": 0.3124722222222222,
  "timestamp": "2025-08-01T23:09:18.590392"
}