{
  "year": 2026,
  "league_avg_xwoba": 0.29913070539419084,
  "timestamp": "2026-04-15T23:23:16.072110"
}