{
  "year": 2025,
  "league_avg_xwoba": 0.312015,
  "timestamp": "2025-09-29T12:11:33.884833"
}