{
  "year": 2026,
  "league_avg_xwoba": 0.3125736434108527,
  "timestamp": "2026-04-28T08:58:46.987502"
}