{
  "year": 2025,
  "league_avg_xwoba": 0.3144910025706941,
  "timestamp": "2025-07-01T08:11:37.370564"
}