{
  "year": 2025,
  "league_avg_xwoba": 0.3320506506594225,
  "timestamp": "2025-04-25T15:09:01.389389"
}