{
  "year": 2025,
  "league_avg_xwoba": 0.3130403022670025,
  "timestamp": "2025-07-08T15:09:20.427415"
}