{
  "year": 2025,
  "league_avg_xwoba": 0.3167772020725389,
  "timestamp": "2025-09-01T12:11:16.657297"
}