{
  "year": 2025,
  "league_avg_xwoba": 0.33661526663258273,
  "timestamp": "2025-05-25T12:11:27.499644"
}