{
  "year": 2026,
  "league_avg_xwoba": 0.30502919708029197,
  "timestamp": "2026-06-30T15:58:29.209072"
}