{
  "year": 2026,
  "league_avg_xwoba": 0.30541687979539645,
  "timestamp": "2026-07-22T16:24:28.241361"
}