{
  "year": 2025,
  "league_avg_xwoba": 0.33626585838492273,
  "timestamp": "2025-06-12T08:11:12.902436"
}