{
  "year": 2025,
  "league_avg_xwoba": 0.3358569657671403,
  "timestamp": "2025-05-21T15:09:01.067031"
}