{
  "year": 2025,
  "league_avg_xwoba": 0.31328608247422685,
  "timestamp": "2025-08-10T15:08:37.136235"
}