{
  "year": 2025,
  "league_avg_xwoba": 0.3364408138658629,
  "timestamp": "2025-05-09T12:12:21.592885"
}