{
  "year": 2026,
  "league_avg_xwoba": 0.3051936274509804,
  "timestamp": "2026-07-01T23:37:00.906592"
}