{
  "year": 2026,
  "league_avg_xwoba": 0.304158924205379,
  "timestamp": "2026-07-08T16:46:51.185118"
}