{
  "year": 2026,
  "league_avg_xwoba": 0.29722727272727273,
  "timestamp": "2026-04-11T15:17:37.907688"
}