{
  "year": 2025,
  "league_avg_xwoba": 0.3136020151133502,
  "timestamp": "2025-07-09T15:09:40.918760"
}