{
  "year": 2025,
  "league_avg_xwoba": 0.31374807197943444,
  "timestamp": "2025-07-04T08:11:19.135236"
}