{
  "year": 2026,
  "league_avg_xwoba": 0.3066460396039604,
  "timestamp": "2026-06-19T16:05:31.796628"
}