{
  "year": 2026,
  "league_avg_xwoba": 0.30505651105651105,
  "timestamp": "2026-07-03T05:31:56.242424"
}