{
  "year": 2026,
  "league_avg_xwoba": 0.309088161209068,
  "timestamp": "2026-05-17T19:01:01.473325"
}