{
  "year": 2026,
  "league_avg_xwoba": 0.30577156177156173,
  "timestamp": "2026-04-22T12:31:55.853233"
}