{
  "year": 2026,
  "league_avg_xwoba": 0.30381617647058823,
  "timestamp": "2026-07-10T11:00:14.924117"
}