{
  "year": 2026,
  "league_avg_xwoba": 0.30463613231552167,
  "timestamp": "2026-07-23T14:10:04.291483"
}