{
  "year": 2026,
  "league_avg_xwoba": 0.2997415966386554,
  "timestamp": "2026-04-16T12:34:36.368950"
}