{
  "year": 2025,
  "league_avg_xwoba": 0.3249749103942652,
  "timestamp": "2025-04-17T15:08:17.613765"
}