{
  "year": 2025,
  "league_avg_xwoba": 0.3134492385786802,
  "timestamp": "2025-08-18T12:11:45.466433"
}