{
  "year": 2025,
  "league_avg_xwoba": 0.33468384854846883,
  "timestamp": "2025-05-01T23:08:18.108671"
}