{
  "year": 2025,
  "league_avg_xwoba": 0.3136020151133502,
  "timestamp": "2025-07-09T23:09:08.187771"
}