{
  "year": 2026,
  "league_avg_xwoba": 0.31268637532133675,
  "timestamp": "2026-04-28T12:46:29.337241"
}