{
  "year": 2025,
  "league_avg_xwoba": 0.3155912596401028,
  "timestamp": "2025-09-19T05:14:16.547871"
}