{
  "year": 2026,
  "league_avg_xwoba": 0.30731449631449625,
  "timestamp": "2026-06-16T16:39:22.586804"
}