{
  "year": 2026,
  "league_avg_xwoba": 0.30720393120393125,
  "timestamp": "2026-06-17T16:22:27.381064"
}