{
  "year": 2025,
  "league_avg_xwoba": 0.3115525,
  "timestamp": "2025-08-02T23:09:08.600453"
}