{
  "year": 2025,
  "league_avg_xwoba": 0.3361329638284313,
  "timestamp": "2025-06-02T15:09:01.405291"
}