{
  "year": 2025,
  "league_avg_xwoba": 0.3323752899091946,
  "timestamp": "2025-04-28T12:12:42.863584"
}