{
  "year": 2026,
  "league_avg_xwoba": 0.2951333333333334,
  "timestamp": "2026-04-01T18:06:55.841060"
}