{
  "year": 2025,
  "league_avg_xwoba": 0.3137073791348601,
  "timestamp": "2025-08-18T08:10:10.840193"
}