{
  "year": 2025,
  "league_avg_xwoba": 0.3320506506594225,
  "timestamp": "2025-04-25T12:12:19.236171"
}