{
  "year": 2025,
  "league_avg_xwoba": 0.33198918827603685,
  "timestamp": "2025-04-26T23:08:13.433254"
}