{
  "year": 2025,
  "league_avg_xwoba": 0.3343135995219064,
  "timestamp": "2025-05-01T08:10:29.611307"
}