{
  "year": 2026,
  "league_avg_xwoba": 0.3077352941176471,
  "timestamp": "2026-05-24T15:33:38.167816"
}