{
  "year": 2025,
  "league_avg_xwoba": 0.3156076923076923,
  "timestamp": "2025-09-06T08:08:21.203190"
}