{
  "year": 2026,
  "league_avg_xwoba": 0.29618647540983606,
  "timestamp": "2026-04-06T23:17:55.498536"
}