{
  "year": 2025,
  "league_avg_xwoba": 0.3138611825192802,
  "timestamp": "2025-08-14T23:09:06.705201"
}