{
  "year": 2025,
  "league_avg_xwoba": 0.31245454545454543,
  "timestamp": "2025-08-21T23:07:23.870146"
}