{
  "year": 2025,
  "league_avg_xwoba": 0.31575959079283883,
  "timestamp": "2025-09-20T23:07:33.267209"
}