{
  "year": 2025,
  "league_avg_xwoba": 0.3360386526066963,
  "timestamp": "2025-06-06T23:08:34.296609"
}