{
  "year": 2025,
  "league_avg_xwoba": 0.3146173469387755,
  "timestamp": "2025-06-27T08:11:25.158256"
}