{
  "year": 2025,
  "league_avg_xwoba": 0.3360610948890204,
  "timestamp": "2025-05-31T03:03:16.156172"
}