{
  "year": 2025,
  "league_avg_xwoba": 0.31267002518891684,
  "timestamp": "2025-07-31T12:13:32.622420"
}