{
  "year": 2026,
  "league_avg_xwoba": 0.29479803921568626,
  "timestamp": "2026-04-02T23:15:41.763677"
}