{
  "year": 2026,
  "league_avg_xwoba": 0.3097113924050633,
  "timestamp": "2026-05-16T23:25:50.294096"
}