{
  "year": 2026,
  "league_avg_xwoba": 0.3091007371007371,
  "timestamp": "2026-05-23T08:50:52.381670"
}