{
  "year": 2026,
  "league_avg_xwoba": 0.29806211180124226,
  "timestamp": "2026-04-13T01:43:50.763728"
}