{
  "year": 2026,
  "league_avg_xwoba": 0.3048617283950617,
  "timestamp": "2026-07-15T10:09:29.969601"
}