{
  "year": 2025,
  "league_avg_xwoba": 0.3126206030150754,
  "timestamp": "2025-07-17T12:14:16.566516"
}