{
  "year": 2026,
  "league_avg_xwoba": 0.30529500000000004,
  "timestamp": "2026-07-16T14:01:21.453659"
}