{
  "year": 2025,
  "league_avg_xwoba": 0.3153076923076923,
  "timestamp": "2025-09-07T12:10:08.707132"
}