{
  "year": 2025,
  "league_avg_xwoba": 0.3151303258145363,
  "timestamp": "2025-06-22T15:07:58.005470"
}