{
  "year": 2025,
  "league_avg_xwoba": 0.3347522799049005,
  "timestamp": "2025-05-02T15:08:14.200631"
}