{
  "year": 2025,
  "league_avg_xwoba": 0.3355653786596564,
  "timestamp": "2025-06-08T12:11:43.897773"
}