{
  "year": 2025,
  "league_avg_xwoba": 0.3131653746770026,
  "timestamp": "2025-08-09T12:12:57.360202"
}