{
  "year": 2025,
  "league_avg_xwoba": 0.3118838383838384,
  "timestamp": "2025-07-26T23:09:02.218611"
}