{
  "year": 2026,
  "league_avg_xwoba": 0.3074581280788177,
  "timestamp": "2026-05-26T04:16:53.333106"
}