{
  "year": 2025,
  "league_avg_xwoba": 0.3359574956640692,
  "timestamp": "2025-05-19T15:08:45.005293"
}