{
  "year": 2026,
  "league_avg_xwoba": 0.3099289340101523,
  "timestamp": "2026-05-14T23:26:20.089194"
}