{
  "year": 2025,
  "league_avg_xwoba": 0.32570289855072465,
  "timestamp": "2025-04-20T12:11:05.143377"
}