{
  "year": 2025,
  "league_avg_xwoba": 0.31328608247422685,
  "timestamp": "2025-08-10T23:08:37.744440"
}