{
  "year": 2025,
  "league_avg_xwoba": 0.31466246851385393,
  "timestamp": "2025-08-26T05:04:50.385680"
}