{
  "year": 2026,
  "league_avg_xwoba": 0.3053538083538083,
  "timestamp": "2026-07-07T11:13:05.016629"
}