{
  "year": 2025,
  "league_avg_xwoba": 0.3160794871794872,
  "timestamp": "2025-09-04T12:11:07.770377"
}