{
  "year": 2026,
  "league_avg_xwoba": 0.306757946210269,
  "timestamp": "2026-06-10T23:38:21.801345"
}