{
  "year": 2026,
  "league_avg_xwoba": 0.31333417721518986,
  "timestamp": "2026-05-07T23:25:30.713071"
}