{
  "year": 2026,
  "league_avg_xwoba": 0.3130612244897959,
  "timestamp": "2026-05-03T15:22:39.130943"
}