{
  "year": 2025,
  "league_avg_xwoba": 0.31497698209718666,
  "timestamp": "2025-09-16T12:11:03.845611"
}