{
  "year": 2025,
  "league_avg_xwoba": 0.34494701986754966,
  "timestamp": "2025-04-13T21:49:36.365274"
}