{
  "year": 2026,
  "league_avg_xwoba": 0.30691176470588233,
  "timestamp": "2026-05-27T16:23:03.622599"
}