{
  "year": 2026,
  "league_avg_xwoba": 0.3097113924050633,
  "timestamp": "2026-05-16T15:28:29.710797"
}