{
  "year": 2026,
  "league_avg_xwoba": 0.3062224938875306,
  "timestamp": "2026-06-09T23:35:18.281855"
}