{
  "year": 2025,
  "league_avg_xwoba": 0.3122230576441103,
  "timestamp": "2025-07-27T12:13:09.103989"
}