{
  "year": 2026,
  "league_avg_xwoba": 0.3056307692307692,
  "timestamp": "2026-07-20T16:28:20.347448"
}