{
  "year": 2026,
  "league_avg_xwoba": 0.3071210653753027,
  "timestamp": "2026-06-14T12:50:26.392952"
}