{
  "year": 2026,
  "league_avg_xwoba": 0.3045024630541872,
  "timestamp": "2026-07-12T13:27:54.203583"
}