{
  "year": 2026,
  "league_avg_xwoba": 0.30745965770171146,
  "timestamp": "2026-06-03T23:39:34.587674"
}