{
  "year": 2026,
  "league_avg_xwoba": 0.30502919708029197,
  "timestamp": "2026-07-01T05:26:06.080047"
}