{
  "year": 2025,
  "league_avg_xwoba": 0.3150434782608696,
  "timestamp": "2025-09-09T08:27:57.605264"
}