{
  "year": 2025,
  "league_avg_xwoba": 0.3139328165374677,
  "timestamp": "2025-08-13T15:08:30.908656"
}