{
  "year": 2025,
  "league_avg_xwoba": 0.3374860335195531,
  "timestamp": "2025-04-15T11:05:02.988439"
}