{
  "year": 2026,
  "league_avg_xwoba": 0.3043731707317073,
  "timestamp": "2026-07-12T00:00:03.905198"
}