{
  "year": 2025,
  "league_avg_xwoba": 0.3124285714285714,
  "timestamp": "2025-09-28T23:36:45.958704"
}