{
  "year": 2025,
  "league_avg_xwoba": 0.31526142131979695,
  "timestamp": "2025-06-26T08:11:26.879326"
}