{
  "year": 2025,
  "league_avg_xwoba": 0.31233582089552236,
  "timestamp": "2025-07-14T23:08:59.860061"
}