{
  "year": 2025,
  "league_avg_xwoba": 0.31609045226130655,
  "timestamp": "2025-06-22T08:10:04.399596"
}