{
  "year": 2026,
  "league_avg_xwoba": 0.3048296836982968,
  "timestamp": "2026-06-30T09:18:42.467159"
}