{
  "year": 2025,
  "league_avg_xwoba": 0.3304865036364524,
  "timestamp": "2025-04-21T08:10:58.933320"
}