{
  "year": 2025,
  "league_avg_xwoba": 0.31343291139240503,
  "timestamp": "2025-07-07T23:09:06.495805"
}