{
  "year": 2025,
  "league_avg_xwoba": 0.31230075187969925,
  "timestamp": "2025-07-20T15:08:53.664368"
}