{
  "year": 2025,
  "league_avg_xwoba": 0.33564952075587545,
  "timestamp": "2025-05-04T12:11:40.893337"
}