{
  "year": 2025,
  "league_avg_xwoba": 0.3124722222222222,
  "timestamp": "2025-08-02T08:10:55.476573"
}