{
  "year": 2026,
  "league_avg_xwoba": 0.30687648456057004,
  "timestamp": "2026-04-23T12:31:39.227271"
}