{
  "year": 2026,
  "league_avg_xwoba": 0.3125736434108527,
  "timestamp": "2026-04-27T23:25:38.574569"
}