{
  "year": 2025,
  "league_avg_xwoba": 0.3147442455242967,
  "timestamp": "2025-06-29T02:02:46.338015"
}