{
  "year": 2025,
  "league_avg_xwoba": 0.3129461538461539,
  "timestamp": "2025-08-08T08:12:25.148611"
}