{
  "year": 2025,
  "league_avg_xwoba": 0.3134492385786802,
  "timestamp": "2025-08-19T03:20:58.610082"
}