{
  "year": 2025,
  "league_avg_xwoba": 0.31525255102040817,
  "timestamp": "2025-09-17T23:08:27.336306"
}