{
  "year": 2025,
  "league_avg_xwoba": 0.3359343361200711,
  "timestamp": "2025-05-05T12:13:10.953884"
}