{
  "year": 2026,
  "league_avg_xwoba": 0.29594478527607365,
  "timestamp": "2026-04-05T12:19:16.730034"
}