{
  "year": 2025,
  "league_avg_xwoba": 0.3343135995219064,
  "timestamp": "2025-04-30T15:08:44.119700"
}