{
  "year": 2025,
  "league_avg_xwoba": 0.3124722222222222,
  "timestamp": "2025-08-01T12:15:26.375693"
}