{
  "year": 2025,
  "league_avg_xwoba": 0.3144961240310078,
  "timestamp": "2025-07-01T15:09:27.488883"
}