{
  "year": 2025,
  "league_avg_xwoba": 0.3115525,
  "timestamp": "2025-08-03T08:11:06.718127"
}