{
  "year": 2025,
  "league_avg_xwoba": 0.3165754475703325,
  "timestamp": "2025-09-03T15:08:08.001510"
}