{
  "year": 2025,
  "league_avg_xwoba": 0.31177638190954776,
  "timestamp": "2025-08-03T12:13:18.059757"
}