{
  "year": 2026,
  "league_avg_xwoba": 0.29695491803278684,
  "timestamp": "2026-04-08T04:22:23.830726"
}