{
  "year": 2025,
  "league_avg_xwoba": 0.3139002557544757,
  "timestamp": "2025-08-15T12:13:03.266153"
}