{
  "year": 2025,
  "league_avg_xwoba": 0.31373401534526857,
  "timestamp": "2025-08-16T22:47:31.098740"
}