{
  "year": 2025,
  "league_avg_xwoba": 0.3138668341708543,
  "timestamp": "2025-09-25T15:08:03.324496"
}