{
  "year": 2025,
  "league_avg_xwoba": 0.3137073791348601,
  "timestamp": "2025-08-17T15:08:10.939955"
}