{
  "year": 2026,
  "league_avg_xwoba": 0.30656857855361597,
  "timestamp": "2026-06-22T10:11:58.743529"
}