{
  "year": 2026,
  "league_avg_xwoba": 0.3117544757033248,
  "timestamp": "2026-04-30T15:42:07.457776"
}