{
  "year": 2025,
  "league_avg_xwoba": 0.33623991319232177,
  "timestamp": "2025-05-09T08:10:26.655094"
}