{
  "year": 2025,
  "league_avg_xwoba": 0.3130769230769231,
  "timestamp": "2025-08-08T15:09:52.111593"
}