{
  "year": 2025,
  "league_avg_xwoba": 0.33602736433781677,
  "timestamp": "2025-05-28T15:08:22.269214"
}