{
  "year": 2025,
  "league_avg_xwoba": 0.3137979797979798,
  "timestamp": "2025-08-30T08:08:03.459462"
}