{
  "year": 2025,
  "league_avg_xwoba": 0.3111666666666667,
  "timestamp": "2025-07-24T08:12:03.750740"
}