{
  "year": 2025,
  "league_avg_xwoba": 0.33665880888397093,
  "timestamp": "2025-06-02T08:11:49.970640"
}