{
  "year": 2026,
  "league_avg_xwoba": 0.3094278606965174,
  "timestamp": "2026-05-19T23:32:29.180795"
}