{
  "year": 2025,
  "league_avg_xwoba": 0.3357020119854198,
  "timestamp": "2025-05-29T23:07:50.541331"
}