{
  "year": 2025,
  "league_avg_xwoba": 0.33606846676354296,
  "timestamp": "2025-06-14T15:07:24.658463"
}