{
  "year": 2025,
  "league_avg_xwoba": 0.31374807197943444,
  "timestamp": "2025-07-04T15:08:30.925813"
}