{
  "year": 2026,
  "league_avg_xwoba": 0.3016474358974359,
  "timestamp": "2026-04-18T15:19:54.140666"
}