{
  "year": 2025,
  "league_avg_xwoba": 0.3150588235294118,
  "timestamp": "2025-09-16T08:10:11.837726"
}