{
  "year": 2025,
  "league_avg_xwoba": 0.3146173469387755,
  "timestamp": "2025-06-26T23:09:02.104093"
}