{
  "year": 2026,
  "league_avg_xwoba": 0.3045024630541872,
  "timestamp": "2026-07-13T00:00:06.314171"
}