{
  "year": 2025,
  "league_avg_xwoba": 0.31503333333333333,
  "timestamp": "2025-09-09T15:23:40.898245"
}