{
  "year": 2025,
  "league_avg_xwoba": 0.31497698209718666,
  "timestamp": "2025-09-16T23:07:19.506330"
}