{
  "year": 2026,
  "league_avg_xwoba": 0.306757946210269,
  "timestamp": "2026-06-11T09:41:02.361096"
}