{
  "year": 2025,
  "league_avg_xwoba": 0.3325799178740218,
  "timestamp": "2025-04-29T15:08:34.556445"
}