{
  "year": 2026,
  "league_avg_xwoba": 0.31379949238578686,
  "timestamp": "2026-05-08T12:40:26.259126"
}