{
  "year": 2026,
  "league_avg_xwoba": 0.30656857855361597,
  "timestamp": "2026-06-21T12:50:39.175980"
}