{
  "year": 2025,
  "league_avg_xwoba": 0.31262562814070355,
  "timestamp": "2025-07-16T12:14:27.288869"
}