{
  "year": 2025,
  "league_avg_xwoba": 0.31155388471177947,
  "timestamp": "2025-08-05T08:12:14.562851"
}