{
  "year": 2025,
  "league_avg_xwoba": 0.335731274283185,
  "timestamp": "2025-06-17T12:13:39.366685"
}