{
  "year": 2025,
  "league_avg_xwoba": 0.3149410256410256,
  "timestamp": "2025-09-15T00:29:18.663168"
}