{
  "year": 2025,
  "league_avg_xwoba": 0.31373803526448363,
  "timestamp": "2025-08-24T02:35:10.439249"
}