{
  "year": 2025,
  "league_avg_xwoba": 0.3139121447028424,
  "timestamp": "2025-07-03T05:09:29.739473"
}