{
  "year": 2025,
  "league_avg_xwoba": 0.3138125,
  "timestamp": "2025-07-11T08:11:15.545125"
}