{
  "year": 2025,
  "league_avg_xwoba": 0.3320506506594225,
  "timestamp": "2025-04-25T23:07:48.358215"
}