{
  "year": 2026,
  "league_avg_xwoba": 0.30946464646464644,
  "timestamp": "2026-05-15T15:49:17.171501"
}