{
  "year": 2026,
  "league_avg_xwoba": 0.3076871921182266,
  "timestamp": "2026-06-12T09:34:29.590148"
}