{
  "year": 2026,
  "league_avg_xwoba": 0.31379949238578686,
  "timestamp": "2026-05-08T15:41:08.605065"
}