{
  "year": 2026,
  "league_avg_xwoba": 0.3051936274509804,
  "timestamp": "2026-07-01T14:06:13.132217"
}