{
  "year": 2026,
  "league_avg_xwoba": 0.30495331695331696,
  "timestamp": "2026-07-08T00:02:13.538114"
}