{
  "year": 2026,
  "league_avg_xwoba": 0.29609896907216493,
  "timestamp": "2026-04-09T12:32:11.557974"
}