{
  "year": 2025,
  "league_avg_xwoba": 0.31418414322250643,
  "timestamp": "2025-09-12T15:20:20.256045"
}