{
  "year": 2025,
  "league_avg_xwoba": 0.3126625,
  "timestamp": "2025-09-27T12:10:44.034286"
}