{
  "year": 2025,
  "league_avg_xwoba": 0.3357020119854198,
  "timestamp": "2025-05-30T08:11:04.595377"
}