{
  "year": 2025,
  "league_avg_xwoba": 0.33606846676354296,
  "timestamp": "2025-06-15T03:10:23.196971"
}