{
  "year": 2025,
  "league_avg_xwoba": 0.33527341248075865,
  "timestamp": "2025-06-09T23:08:28.507446"
}