{
  "year": 2025,
  "league_avg_xwoba": 0.31525255102040817,
  "timestamp": "2025-09-18T08:09:04.198388"
}