{
  "year": 2026,
  "league_avg_xwoba": 0.30541687979539645,
  "timestamp": "2026-07-22T14:04:04.550701"
}