{
  "year": 2026,
  "league_avg_xwoba": 0.3092555282555282,
  "timestamp": "2026-05-21T23:30:45.788014"
}