{
  "year": 2025,
  "league_avg_xwoba": 0.3136532663316583,
  "timestamp": "2025-08-27T15:08:28.870001"
}