{
  "year": 2025,
  "league_avg_xwoba": 0.33592354923013945,
  "timestamp": "2025-05-08T08:10:52.408460"
}