{
  "year": 2025,
  "league_avg_xwoba": 0.31526142131979695,
  "timestamp": "2025-06-25T18:45:42.787810"
}