{
  "year": 2025,
  "league_avg_xwoba": 0.34494701986754966,
  "timestamp": "2025-04-14T07:06:00.621119"
}