{
  "year": 2026,
  "league_avg_xwoba": 0.3067420924574209,
  "timestamp": "2026-06-01T10:01:24.768252"
}