{
  "year": 2026,
  "league_avg_xwoba": 0.3073046683046683,
  "timestamp": "2026-06-12T23:38:15.632883"
}