{
  "year": 2025,
  "league_avg_xwoba": 0.3138668341708543,
  "timestamp": "2025-09-25T23:07:34.058258"
}