{
  "year": 2026,
  "league_avg_xwoba": 0.29622268041237115,
  "timestamp": "2026-04-11T05:10:42.564821"
}