{
  "year": 2026,
  "league_avg_xwoba": 0.3069144254278729,
  "timestamp": "2026-06-18T13:22:14.365788"
}