{
  "year": 2026,
  "league_avg_xwoba": 0.3084275184275184,
  "timestamp": "2026-04-25T08:28:02.228689"
}