{
  "year": 2025,
  "league_avg_xwoba": 0.3140802005012531,
  "timestamp": "2025-09-27T00:26:20.570353"
}