{
  "year": 2026,
  "league_avg_xwoba": 0.30691176470588233,
  "timestamp": "2026-05-27T13:50:00.203528"
}