{
  "year": 2025,
  "league_avg_xwoba": 0.3124285714285714,
  "timestamp": "2025-09-29T08:10:01.662498"
}