{
  "year": 2026,
  "league_avg_xwoba": 0.30675,
  "timestamp": "2026-06-22T14:04:43.442565"
}