{
  "year": 2026,
  "league_avg_xwoba": 0.29594478527607365,
  "timestamp": "2026-04-05T14:21:11.474902"
}