{
  "year": 2025,
  "league_avg_xwoba": 0.3129461538461539,
  "timestamp": "2025-08-07T12:15:18.854764"
}