{
  "year": 2025,
  "league_avg_xwoba": 0.31296221662468515,
  "timestamp": "2025-08-20T08:09:54.229191"
}