{
  "year": 2025,
  "league_avg_xwoba": 0.3320122379048707,
  "timestamp": "2025-04-27T12:12:12.103401"
}