{
  "year": 2025,
  "league_avg_xwoba": 0.3126625,
  "timestamp": "2025-09-28T04:37:55.439037"
}