{
  "year": 2026,
  "league_avg_xwoba": 0.3130050632911392,
  "timestamp": "2026-05-06T23:24:43.304082"
}