{
  "year": 2025,
  "league_avg_xwoba": 0.3149410256410256,
  "timestamp": "2025-09-15T08:27:31.053049"
}