{
  "year": 2025,
  "league_avg_xwoba": 0.3249749103942652,
  "timestamp": "2025-04-17T23:08:16.656973"
}