{
  "year": 2025,
  "league_avg_xwoba": 0.33594809233148515,
  "timestamp": "2025-06-16T23:08:22.992715"
}