{
  "year": 2026,
  "league_avg_xwoba": 0.3088627450980392,
  "timestamp": "2026-05-20T16:18:55.679654"
}