{
  "year": 2025,
  "league_avg_xwoba": 0.31386493506493507,
  "timestamp": "2025-08-12T12:13:57.345149"
}