{
  "year": 2025,
  "league_avg_xwoba": 0.3347522799049005,
  "timestamp": "2025-05-03T08:09:25.673037"
}