{
  "year": 2025,
  "league_avg_xwoba": 0.3122230576441103,
  "timestamp": "2025-07-28T03:06:05.490143"
}