{
  "year": 2025,
  "league_avg_xwoba": 0.31529591836734694,
  "timestamp": "2025-06-29T23:08:14.242132"
}