{
  "year": 2026,
  "league_avg_xwoba": 0.31268637532133675,
  "timestamp": "2026-04-29T08:55:02.995770"
}