{
  "year": 2026,
  "league_avg_xwoba": 0.3127277486910994,
  "timestamp": "2026-04-25T15:21:35.739212"
}