{
  "year": 2025,
  "league_avg_xwoba": 0.31373643410852714,
  "timestamp": "2025-08-11T15:09:47.159243"
}