{
  "year": 2025,
  "league_avg_xwoba": 0.31525255102040817,
  "timestamp": "2025-09-18T04:43:56.122182"
}