{
  "year": 2025,
  "league_avg_xwoba": 0.3147442455242967,
  "timestamp": "2025-06-28T23:08:32.091969"
}