{
  "year": 2025,
  "league_avg_xwoba": 0.335731274283185,
  "timestamp": "2025-06-17T23:08:20.921366"
}