{
  "year": 2025,
  "league_avg_xwoba": 0.3329877703340677,
  "timestamp": "2025-04-25T08:10:44.035683"
}