{
  "year": 2025,
  "league_avg_xwoba": 0.3362226983821264,
  "timestamp": "2025-06-19T12:13:12.693934"
}