{
  "year": 2025,
  "league_avg_xwoba": 0.33607665398723,
  "timestamp": "2025-06-13T15:08:42.455166"
}