{
  "year": 2025,
  "league_avg_xwoba": 0.3360991568914956,
  "timestamp": "2025-06-15T23:01:38.065762"
}