{
  "year": 2025,
  "league_avg_xwoba": 0.33469601967644713,
  "timestamp": "2025-05-03T23:07:44.342211"
}