{
  "year": 2025,
  "league_avg_xwoba": 0.3150588235294118,
  "timestamp": "2025-09-15T23:17:54.237506"
}