{
  "year": 2025,
  "league_avg_xwoba": 0.3359343361200711,
  "timestamp": "2025-05-05T23:08:05.919743"
}