{
  "year": 2025,
  "league_avg_xwoba": 0.3355653786596564,
  "timestamp": "2025-06-08T15:07:52.095066"
}