{
  "year": 2025,
  "league_avg_xwoba": 0.31522307692307694,
  "timestamp": "2025-09-06T23:06:50.083251"
}