{
  "year": 2025,
  "league_avg_xwoba": 0.3117275,
  "timestamp": "2025-07-29T04:22:15.840712"
}