{
  "year": 2025,
  "league_avg_xwoba": 0.3147663316582915,
  "timestamp": "2025-06-23T12:14:00.755509"
}