{
  "year": 2025,
  "league_avg_xwoba": 0.3165754475703325,
  "timestamp": "2025-09-03T12:11:22.766993"
}