{
  "year": 2026,
  "league_avg_xwoba": 0.29594478527607365,
  "timestamp": "2026-04-05T15:15:20.839935"
}