{
  "year": 2026,
  "league_avg_xwoba": 0.3070859950859951,
  "timestamp": "2026-06-07T05:00:27.321116"
}