{
  "year": 2026,
  "league_avg_xwoba": 0.3079926470588235,
  "timestamp": "2026-05-24T08:59:59.452008"
}