{
  "year": 2025,
  "league_avg_xwoba": 0.3138611825192802,
  "timestamp": "2025-08-15T08:11:55.769358"
}