{
  "year": 2025,
  "league_avg_xwoba": 0.3123134328358209,
  "timestamp": "2025-07-16T08:11:31.882745"
}