{
  "year": 2025,
  "league_avg_xwoba": 0.335731274283185,
  "timestamp": "2025-06-17T08:11:14.813043"
}