{
  "year": 2026,
  "league_avg_xwoba": 0.30615686274509807,
  "timestamp": "2026-05-29T16:23:36.673738"
}