{
  "year": 2026,
  "league_avg_xwoba": 0.30615686274509807,
  "timestamp": "2026-05-30T08:57:37.584347"
}