{
  "year": 2025,
  "league_avg_xwoba": 0.3136540404040404,
  "timestamp": "2025-07-05T23:08:40.000127"
}