{
  "year": 2026,
  "league_avg_xwoba": 0.3063497536945813,
  "timestamp": "2026-06-09T09:18:59.079967"
}