{
  "year": 2025,
  "league_avg_xwoba": 0.336225680337294,
  "timestamp": "2025-06-04T08:11:11.161417"
}