{
  "year": 2025,
  "league_avg_xwoba": 0.3144910025706941,
  "timestamp": "2025-06-30T15:05:15.031985"
}