{
  "year": 2025,
  "league_avg_xwoba": 0.31379441624365484,
  "timestamp": "2025-07-06T23:08:31.852359"
}