{
  "year": 2026,
  "league_avg_xwoba": 0.3056945812807882,
  "timestamp": "2026-07-05T13:48:11.797705"
}