{
  "year": 2025,
  "league_avg_xwoba": 0.33564952075587545,
  "timestamp": "2025-05-05T04:19:16.737565"
}