{
  "year": 2026,
  "league_avg_xwoba": 0.30283552631578947,
  "timestamp": "2026-04-21T08:46:33.241099"
}