{
  "year": 2025,
  "league_avg_xwoba": 0.31525628140703515,
  "timestamp": "2025-06-20T23:08:50.285411"
}