{
  "year": 2025,
  "league_avg_xwoba": 0.3138668341708543,
  "timestamp": "2025-09-25T12:11:47.773348"
}