{
  "year": 2026,
  "league_avg_xwoba": 0.3079926470588235,
  "timestamp": "2026-05-23T12:31:52.939224"
}