{
  "year": 2025,
  "league_avg_xwoba": 0.31525255102040817,
  "timestamp": "2025-09-17T12:11:26.592485"
}